SKUÉRÅ[Éh,ç›å…êîó 
330510011174814,2
330520071174421,3
330520071174415,4
330520071174621,9
330520071174615,9
330520071174619,8
330520071174821,8
330520071174815,10
330520071174878,15
330520071174819,13
330520071175021,5
330520071175078,5
330520051174215,3
330520051174415,8
330520051174419,12
330520051174621,9
330520051174626,3
330520051174615,12
330520051174619,11
330520051174821,2
330520051174815,10
330520051174819,10
330520051175015,1
330520051175019,2
330520061174478,3
330520061174419,3
330520061174678,8
330520061174619,8
330520061174878,5
330520061174819,4
330520050812908,3
330520050813008,3
330520050813219,3
